id,slug,mag_log10,iterations,normalize
40,40-mini-p128-1e13,13.099,3840,log
41,41-mini-p448-1e34,33.714,13440,log
42,42-mini-p2066-1e97,96.531,61980,log
43,43-mini-p4796-1e296,296.364,143880,log
44,44-mini-p14416-1e1001,1000.537,432480,log
45,45-mini-p41722-1e3000,3000.013,1251660,log
46,46-mini-p137396-1e10003,10002.535,4121880,log
47,47-path-1e13,13,2859,0
48,48-path-1e33,33,2859,0
49,49-path-1e100,100,10293,0
50,50-path-1e300,300,26673,0
51,51-path-1e320,320,28311,0
52,52-path-1e1000,1000,84003,0
53,53-path-1e3000,3000,247803,0
54,54-path-1e10000,10000,821103,0
55,55-path-1e30000,30000,2459103,0
56,56-iter-p953-1e53,53.128,28590,log
57,57-iter-p15248-1e57,57.331,457440,log
58,58-iter-p121984-1e66,66.226,3659520,log
59,59-iter-p951094-1e68,68.331,28532820,log
60,60-mini-p410594-1e30000,30000.172,12317820,log
